{
  "nick": 1784404299.4981463,
  "nicksrvr": 1784404302.7919915,
  "nickc": 1784404311.0906663,
  "caleb": 1784404314.4432838
}