{
  "nicksrvr": 1784404302.7919915,
  "nickc": 1784404311.0906663,
  "caleb": 1784404314.4432838,
  "nickmac": 1784412936.765678,
  "nickpcc": 1784451839.2076504,
  "nickpc": 1784404299.4981463
}