{
  "nicksrvr": 1784404302.7919915,
  "caleb": 1784404314.4432838,
  "nickmac": 1784412936.765678,
  "nickpcc": 1784451839.2076504,
  "nickpc": 1784404299.4981463,
  "nickmacr": 1784502474.2954028,
  "nickmacq": 1784502474.2978504,
  "nickmacp": 1784502474.2984324,
  "nicksrvrp": 1784536809.496102,
  "nicksrvrq": 1784536809.4966063,
  "calebc": 1784643263.2939644
}